名称,代码
万科Ａ,000002
PT金田A,000003
ST国华,000004
ST星源,000005
深振业Ａ,000006
全新好,000007
神州高铁,000008
中国宝安,000009
美丽生态,000010
深物业A,000011
南玻Ａ,000012
ST石化A,000013
沙河股份,000014
PT中浩A,000015
深康佳Ａ,000016
深中华A,000017
神城A退,000018
深粮控股,000019
深华发Ａ,000020
深科技,000021
深天地Ａ,000023
招商地产,000024
特力Ａ,000025
飞亚达,000026
深圳能源,000027
国药一致,000028
深深房Ａ,000029
富奥股份,000030
大悦城,000031
深桑达Ａ,000032
新都退,000033
神州数码,000034
中国天楹,000035
华联控股,000036
深南电A,000037
ST大通,000038
中集集团,000039
东旭蓝天,000040
中洲控股,000042
深纺织Ａ,000045
泛海控股,000046
ST中侨,000047
京基智农,000048
德赛电池,000049
深天马Ａ,000050
方大集团,000055
皇庭国际,000056
深赛格,000058
华锦股份,000059
中金岭南,000060
农产品,000061
深圳华强,000062
中兴通讯,000063
北方国际,000065
中国长城,000066
华控赛格,000068
华侨城Ａ,000069
特发信息,000070
海王生物,000078
盐田港,000088
深圳机场,000089
天健集团,000090
广聚能源,000096
中信海直,000099
TCL科技,000100
ST宜康,000150
中成股份,000151
丰原药业,000153
川能动力,000155
华数传媒,000156
中联重科,000157
常山北明,000158
国际实业,000159
申万宏源,000166
东方盛虹,000301
美的集团,000333
潍柴动力,000338
许继电气,000400
冀东水泥,000401
金融街,000402
派林生物,000403
长虹华意,000404
ST鑫光,000405
石油大明,000406
胜利股份,000407
藏格矿业,000408
云鼎科技,000409
ST沈机,000410
英特集团,000411
ST五环,000412
东旭光电,000413
渤海租赁,000415
民生控股,000416
合肥百货,000417
小天鹅A,000418
通程控股,000419
吉林化纤,000420
南京公用,000421
湖北宜化,000422
东阿阿胶,000423
徐工机械,000425
兴业矿业,000426
华天酒店,000428
粤高速Ａ,000429
张家界,000430
晨鸣纸业,000488
山东路桥,000498
武商集团,000501
绿景退,000502
国新健康,000503
南华生物,000504
京粮控股,000505
中润资源,000506
珠海港,000507
琼民源A,000508
华塑控股,000509
新金路,000510
烯碳退,000511
丽珠集团,000513
渝开发,000514
攀渝钛业,000515
国际医学,000516
荣安地产,000517
四环生物,000518
中兵红箭,000519
长航凤凰,000520
长虹美菱,000521
白云山A,000522
广州浪奇,000523
岭南控股,000524
ST红太阳,000525
学大教育,000526
美的电器,000527
柳工,000528
广弘控股,000529
冰山冷热,000530
穗恒运Ａ,000531
华金资本,000532
顺钠股份,000533
万泽股份,000534
ST猴王,000535
华映科技,000536
广宇发展,000537
云南白药,000538
粤电力Ａ,000539
中天金融,000540
佛山照明,000541
TCL通讯,000542
皖能电力,000543
中原环保,000544
金浦钛业,000545
金圆股份,000546
航天发展,000547
湖南投资,000548
S湘火炬,000549
江铃汽车,000550
创元科技,000551
靖远煤电,000552
安道麦A,000553
泰山石油,000554
神州信息,000555
PT南洋,000556
西部创业,000557
莱茵体育,000558
万向钱潮,000559
我爱我家,000560
烽火电子,000561
宏源证券,000562
陕国投Ａ,000563
ST大集,000564
渝三峡Ａ,000565
海南海药,000566
海德股份,000567
泸州老窖,000568
长城股份,000569
苏常柴Ａ,000570
ST大洲,000571
海马汽车,000572
粤宏远Ａ,000573
甘化科工,000576
盐湖集团,000578
威孚高科,000581
北部湾港,000582
SST托普,000583
哈工智能,000584
东电退,000585
汇源通信,000586
ST金洲,000587
PT粤金曼,000588
贵州轮胎,000589
启迪药业,000590
太阳能,000591
平潭发展,000592
德龙汇能,000593
国恒退,000594
宝塔实业,000595
古井贡酒,000596
东北制药,000597
兴蓉环境,000598
青岛双星,000599
建投能源,000600
韶能股份,000601
金马集团,000602
盛达资源,000603
渤海股份,000605
ST顺利,000606
华媒控股,000607
阳光股份,000608
中迪投资,000609
西安旅游,000610
天首退,000611
焦作万方,000612
东海A退,000613
奥园美谷,000615
ST海投,000616
中油资本,000617
吉林化工,000618
海螺新材,000619
新华联,000620
ST比特,000621
恒立实业,000622
吉林敖东,000623
长安汽车,000625
远大控股,000626
天茂集团,000627
高新发展,000628
钒钛股份,000629
铜陵有色,000630
顺发恒业,000631
三木集团,000632
合金投资,000633
英力特,000635
风华高科,000636
茂化实华,000637
万方发展,000638
西王食品,000639
仁和药业,000650
格力电器,000651
泰达股份,000652
ST九州,000653
金岭矿业,000655
金科股份,000656
中钨高新,000657
ST海洋,000658
珠海中富,000659
ST南华,000660
长春高新,000661
天夏退,000662
永安林业,000663
湖北广电,000665
经纬纺机,000666
美好置业,000667
荣丰控股,000668
ST金鸿,000669
盈方微,000670
阳光城,000671
上峰水泥,000672
当代退,000673
ST银山,000675
智度股份,000676
恒天海龙,000677
襄阳轴承,000678
大连友谊,000679
山推股份,000680
视觉中国,000681
东方电子,000682
远兴能源,000683
中山公用,000685
东北证券,000686
华讯退,000687
国城矿业,000688
ST宏业,000689
宝新能源,000690
亚太实业,000691
惠天热电,000692
华泽退,000693
滨海能源,000695
ST炼石,000697
沈阳化工,000698
SST佳纸,000699
模塑科技,000700
厦门信达,000701
正虹科技,000702
恒逸石化,000703
浙江震元,000705
双环科技,000707
中信特钢,000708
河钢股份,000709
贝瑞基因,000710
京蓝科技,000711
锦龙股份,000712
丰乐种业,000713
中兴商业,000715
黑芝麻,000716
中南股份,000717
苏宁环球,000718
中原传媒,000719
新能泰山,000720
西安饮食,000721
湖南发展,000722
美锦能源,000723
京东方Ａ,000725
鲁泰Ａ,000726
冠捷科技,000727
国元证券,000728
燕京啤酒,000729
ST环保,000730
四川美丰,000731
ST泰禾,000732
振华科技,000733
罗牛山,000735
中交地产,000736
北方铜业,000737
航发控制,000738
普洛药业,000739
长城信息,000748
国海证券,000750
锌业股份,000751
ST西发,000752
漳州发展,000753
山西路桥,000755
新华制药,000756
浩物股份,000757
中色股份,000758
中百集团,000759
斯太退,000760
本钢板材,000761
西藏矿业,000762
锦州石化,000763
ST华信,000765
通化金马,000766
晋控电力,000767
中航西飞,000768
ST大菲,000769
广发证券,000776
中核科技,000777
新兴铸管,000778
甘咨询,000779
ST平能,000780
美达股份,000782
长江证券,000783
居然之家,000785
北新建材,000786
ST创智,000787
北大医药,000788
万年青,000789
华神科技,000790
甘肃能源,000791
盐湖股份,000792
华闻集团,000793
英洛华,000795
ST凯撒,000796
中国武夷,000797
中水渔业,000798
酒鬼酒,000799
一汽解放,000800
四川九洲,000801
北京文化,000802
山高环能,000803
ST炎黄,000805
ST银河,000806
云铝股份,000807
ST新城,000809
创维数字,000810
冰轮环境,000811
陕西金叶,000812
德展健康,000813
美利云,000815
智慧农业,000816
辽河油田,000817
航锦科技,000818
岳阳兴长,000819
神雾节能,000820
京山轻机,000821
山东海化,000822
超声电子,000823
太钢不锈,000825
启迪环境,000826
ST长兴,000827
东莞控股,000828
天音控股,000829
鲁西化工,000830
中国稀土,000831
ST龙涤,000832
粤桂股份,000833
长动退,000835
富通信息,000836
秦川机床,000837
财信发展,000838
ST国安,000839
承德露露,000848
华茂股份,000850
高鸿股份,000851
石化机械,000852
冀东装备,000856
五粮液,000858
国风新材,000859
顺鑫农业,000860
海印股份,000861
银星能源,000862
三湘印象,000863
扬子石化,000866
安凯客车,000868
张裕Ａ,000869
吉电股份,000875
新希望,000876
天山股份,000877
云南铜业,000878
潍柴重机,000880
中广核技,000881
华联股份,000882
湖北能源,000883
城发环境,000885
海南高速,000886
中鼎股份,000887
峨眉山Ａ,000888
ST中嘉,000889
法尔胜,000890
欢瑞世纪,000892
亚钾国际,000893
双汇发展,000895
津滨发展,000897
鞍钢股份,000898
赣能股份,000899
现代投资,000900
航天科技,000901
新洋丰,000902
云内动力,000903
厦门港务,000905
浙商中拓,000906
景峰医药,000908
数源科技,000909
大亚圣象,000910
南宁糖业,000911
泸天化,000912
钱江摩托,000913
华特达因,000915
华北高速,000916
电广传媒,000917
嘉凯城,000918
金陵药业,000919
沃顿科技,000920
海信家电,000921
佳电股份,000922
河钢资源,000923
众合科技,000925
福星股份,000926
中国铁物,000927
中钢国际,000928
兰州黄河,000929
中粮科技,000930
中关村,000931
华菱钢铁,000932
神火股份,000933
四川双马,000935
华西股份,000936
冀中能源,000937
紫光股份,000938
凯迪退,000939
南天信息,000948
新乡化纤,000949
重药控股,000950
中国重汽,000951
广济药业,000952
河化股份,000953
欣龙控股,000955
中原油气,000956
中通客车,000957
电投产融,000958
首钢股份,000959
锡业股份,000960
中南建设,000961
东方钽业,000962
华东医药,000963
天保基建,000965
长源电力,000966
盈峰环境,000967
蓝焰控股,000968
安泰科技,000969
中科三环,000970
ST高升,000971
ST中基,000972
佛塑科技,000973
银泰黄金,000975
华铁股份,000976
浪潮信息,000977
桂林旅游,000978
中弘退,000979
众泰汽车,000980
山子股份,000981
中银绒业,000982
山西焦煤,000983
大庆华科,000985
越秀资本,000987
华工科技,000988
九芝堂,000989
诚志股份,000990
闽东电力,000993
ST皇台,000995
中国中期,000996
新大陆,000997
隆平高科,000998
华润三九,000999
东瑞股份,001201
炬申股份,001202
大中矿业,001203
盛航股份,001205
依依股份,001206
联科科技,001207
华菱线缆,001208
洪兴股份,001209
金房节能,001210
双枪科技,001211
中旗新材,001212
中铁特货,001213
千味央厨,001215
华瓷股份,001216
华尔泰,001217
丽臣实业,001218
青岛食品,001219
源飞宠物,001222
欧克科技,001223
和泰机电,001225
拓山重工,001226
兰州银行,001227
永泰运,001228
魅视科技,001229
劲旅环境,001230
农心科技,001231
泰慕士,001234
弘业期货,001236
浙江正特,001238
博菲电气,001255
炜冈科技,001256
立新能源,001258
利仁科技,001259
坤泰股份,001260
宏英智能,001266
汇绿生态,001267
联合精密,001268
欧晶科技,001269
铖昌科技,001270
一彬科技,001278
豪鹏科技,001283
陕西能源,001286
中电港,001287
运机集团,001288
龙源电力,001289
长江材料,001296
好上好,001298
美能能源,001299
三柏硕,001300
尚太科技,001301
康冠科技,001308
德明利,001309
多利科技,001311
粤海饲料,001313
亿道信息,001314
润贝航科,001316
三羊马,001317
阳光乳业,001318
铭科精技,001319
箭牌家居,001322
慕思股份,001323
登康口腔,001328
博纳影业,001330
胜通能源,001331
锡装股份,001332
光华股份,001333
楚环科技,001336
四川黄金,001337
永顺泰,001338
智微智能,001339
南矿集团,001360
播恩集团,001366
海森药业,001367
通达创智,001368
宗申动力,001696
招商港口,001872
豫能控股,001896
招商积余,001914
招商公路,001965
招商蛇口,001979
新和成,002001
鸿达兴业,002002
伟星股份,002003
华邦健康,002004
ST德豪,002005
精功科技,002006
华兰生物,002007
大族激光,002008
天奇股份,002009
传化智联,002010
盾安环境,002011
凯恩股份,002012
中航机电,002013
永新股份,002014
协鑫能科,002015
世荣兆业,002016
东信和平,002017
华信退,002018
亿帆医药,002019
京新药业,002020
ST中捷,002021
ST科华,002022
海特高新,002023
ST易购,002024
航天电器,002025
山东威达,002026
分众传媒,002027
思源电气,002028
七匹狼,002029
达安基因,002030
巨轮智能,002031
苏泊尔,002032
丽江股份,002033
旺能环境,002034
华帝股份,002035
联创电子,002036
保利联合,002037
双鹭药业,002038
黔源电力,002039
南京港,002040
登海种业,002041
华孚时尚,002042
兔宝宝,002043
美年健康,002044
国光电器,002045
国机精工,002046
宝鹰股份,002047
宁波华翔,002048
紫光国微,002049
三花智控,002050
中工国际,002051
ST同洲,002052
云南能投,002053
德美化工,002054
得润电子,002055
横店东磁,002056
中钢天源,002057
威尔泰,002058
云南旅游,002059
粤水电,002060
浙江交科,002061
宏润建设,002062
远光软件,002063
华峰化学,002064
东华软件,002065
瑞泰科技,002066
景兴纸业,002067
黑猫股份,002068
ST獐子岛,002069
众和退,002070
长城退,002071
凯瑞德,002072
软控股份,002073
国轩高科,002074
沙钢股份,002075
ST雪莱,002076
大港股份,002077
太阳纸业,002078
苏州固锝,002079
中材科技,002080
金螳螂,002081
万邦德,002082
孚日股份,002083
海鸥住工,002084
万丰奥威,002085
ST东洋,002086
新野纺织,002087
鲁阳节能,002088
ST新海,002089
金智科技,002090
江苏国泰,002091
中泰化学,002092
国脉科技,002093
青岛金王,002094
生意宝,002095
南岭民爆,002096
山河智能,002097
浔兴股份,002098
海翔药业,002099
天康生物,002100
广东鸿图,002101
ST冠福,002102
广博股份,002103
恒宝股份,002104
信隆健康,002105
莱宝高科,002106
沃华医药,002107
沧州明珠,002108
兴化股份,002109
三钢闽光,002110
威海广泰,002111
三变科技,002112
ST天润,002113
罗平锌电,002114
三维通信,002115
中国海诚,002116
东港股份,002117
紫鑫药业,002118
康强电子,002119
韵达股份,002120
科陆电子,002121
天马股份,002122
梦网科技,002123
天邦食品,002124
湘潭电化,002125
银轮股份,002126
南极电商,002127
电投能源,002128
TCL中环,002129
沃尔核材,002130
利欧股份,002131
恒星科技,002132
广宇集团,002133
天津普林,002134
东南网架,002135
安纳达,002136
实益达,002137
顺络电子,002138
拓邦股份,002139
东华科技,002140
贤丰控股,002141
宁波银行,002142
印纪退,002143
宏达高科,002144
中核钛白,002145
荣盛发展,002146
新光退,002147
北纬科技,002148
西部材料,002149
通润装备,002150
北斗星通,002151
广电运通,002152
石基信息,002153
报喜鸟,002154
湖南黄金,002155
通富微电,002156
正邦科技,002157
汉钟精机,002158
三特索道,002159
常铝股份,002160
远望谷,002161
悦心健康,002162
海南发展,002163
宁波东力,002164
红宝丽,002165
莱茵生物,002166
东方锆业,002167
惠程科技,002168
智光电气,002169
芭田股份,002170
楚江新材,002171
澳洋健康,002172
创新医疗,002173
游族网络,002174
东方智造,002175
江特电机,002176
ST御银,002177
延华智能,002178
中航光电,002179
纳思达,002180
粤传媒,002181
云海金属,002182
怡亚通,002183
海得控制,002184
华天科技,002185
全聚德,002186
广百股份,002187
中天服务,002188
中光学,002189
成飞集成,002190
劲嘉股份,002191
融捷股份,002192
如意集团,002193
武汉凡谷,002194
二三四五,002195
方正电机,002196
证通电子,002197
嘉应制药,002198
东晶电子,002199
ST交投,002200
正威新材,002201
金风科技,002202
海亮股份,002203
大连重工,002204
国统股份,002205
海利得,002206
准油股份,002207
合肥城建,002208
达意隆,002209
飞马国际,002210
ST宏达,002211
天融信,002212
大为股份,002213
大立科技,002214
诺普信,002215
三全食品,002216
合力泰,002217
拓日新能,002218
新里程,002219
天宝退,002220
东华能源,002221
福晶科技,002222
鱼跃医疗,002223
三力士,002224
濮耐股份,002225
江南化工,002226
奥特迅,002227
合兴包装,002228
鸿博股份,002229
科大讯飞,002230
奥维通信,002231
启明信息,002232
塔牌集团,002233
民和股份,002234
安妮股份,002235
大华股份,002236
恒邦股份,002237
天威视讯,002238
奥特佳,002239
盛新锂能,002240
歌尔股份,002241
九阳股份,002242
力合科创,002243
滨江集团,002244
蔚蓝锂芯,002245
北化股份,002246
聚力文化,002247
华东数控,002248
大洋电机,002249
联化科技,002250
步步高,002251
上海莱士,002252
川大智胜,002253
泰和新材,002254
海陆重工,002255
兆新股份,002256
利尔化学,002258
ST升达,002259
德奥退,002260
拓维信息,002261
恩华药业,002262
大东南,002263
新华都,002264
西仪股份,002265
浙富控股,002266
陕天然气,002267
电科网安,002268
美邦服饰,002269
华明装备,002270
东方雨虹,002271
川润股份,002272
水晶光电,002273
华昌化工,002274
桂林三金,002275
万马股份,002276
友阿股份,002277
神开股份,002278
久其软件,002279
联络互动,002280
光迅科技,002281
博深股份,002282
天润工业,002283
亚太股份,002284
世联行,002285
保龄宝,002286
奇正藏药,002287
超华科技,002288
宇顺电子,002289
禾盛新材,002290
遥望科技,002291
奥飞娱乐,002292
罗莱生活,002293
信立泰,002294
精艺股份,002295
辉煌科技,002296
博云新材,002297
中电兴发,002298
圣农发展,002299
太阳电缆,002300
齐心集团,002301
西部建设,002302
美盈森,002303
洋河股份,002304
南国置业,002305
中科云网,002306
北新路桥,002307
威创股份,002308
ST中利,002309
东方园林,002310
海大集团,002311
川发龙蟒,002312
ST日海,002313
南山控股,002314
焦点科技,002315
ST亚联,002316
众生药业,002317
久立特材,002318
乐通股份,002319
海峡股份,002320
ST华英,002321
理工能科,002322
雅博股份,002323
普利特,002324
洪涛股份,002325
永太科技,002326
富安娜,002327
新朋股份,002328
皇氏集团,002329
得利斯,002330
皖通科技,002331
仙琚制药,002332
罗普斯金,002333
英威腾,002334
科华数据,002335
人人乐,002336
赛象科技,002337
奥普光电,002338
积成电子,002339
格林美,002340
新纶新材,002341
巨力索具,002342
慈文传媒,002343
海宁皮城,002344
潮宏基,002345
柘中股份,002346
泰尔股份,002347
高乐股份,002348
精华制药,002349
北京科锐,002350
漫步者,002351
顺丰控股,002352
杰瑞股份,002353
天娱数科,002354
兴民智通,002355
赫美集团,002356
富临运业,002357
森源电气,002358
北讯退,002359
同德化工,002360
神剑股份,002361
汉王科技,002362
隆基机械,002363
中恒电气,002364
永安药业,002365
ST海核,002366
康力电梯,002367
太极股份,002368
卓翼科技,002369
亚太药业,002370
北方华创,002371
伟星新材,002372
千方科技,002373
中锐股份,002374
亚厦股份,002375
新北洋,002376
国创高新,002377
章源钨业,002378
宏创控股,002379
科远智慧,002380
双箭股份,002381
蓝帆医疗,002382
合众思壮,002383
东山精密,002384
大北农,002385
天原股份,002386
维信诺,002387
新亚制程,002388
航天彩虹,002389
信邦制药,002390
长青股份,002391
北京利尔,002392
力生制药,002393
联发股份,002394
双象股份,002395
星网锐捷,002396
梦洁股份,002397
垒知集团,002398
海普瑞,002399
省广集团,002400
中远海科,002401
和而泰,002402
爱仕达,002403
嘉欣丝绸,002404
四维图新,002405
远东传动,002406
多氟多,002407
齐翔腾达,002408
雅克科技,002409
广联达,002410
ST必康,002411
汉森制药,002412
雷科防务,002413
高德红外,002414
海康威视,002415
爱施德,002416
ST深南,002417
康盛股份,002418
天虹股份,002419
毅昌科技,002420
达实智能,002421
科伦药业,002422
中粮资本,002423
贵州百灵,002424
凯撒文化,002425
胜利精密,002426
ST尤夫,002427
云南锗业,002428
兆驰股份,002429
杭氧股份,002430
棕榈股份,002431
九安医疗,002432
ST太安,002433
万里扬,002434
长江健康,002435
兴森科技,002436
誉衡药业,002437
江苏神通,002438
启明星辰,002439
闰土股份,002440
众业达,002441
龙星化工,002442
金洲管道,002443
巨星科技,002444
中南文化,002445
盛路通信,002446
晨鑫退,002447
中原内配,002448
国星光电,002449
康得退,002450
摩恩电气,002451
长高电新,002452
华软科技,002453
松芝股份,002454
百川股份,002455
欧菲光,002456
青龙管业,002457
益生股份,002458
晶澳科技,002459
赣锋锂业,002460
珠江啤酒,002461
嘉事堂,002462
沪电股份,002463
众应退,002464
海格通信,002465
天齐锂业,002466
二六三,002467
申通快递,002468
三维化学,002469
ST金正,002470
中超控股,002471
双环传动,002472
圣莱退,002473
榕基软件,002474
立讯精密,002475
宝莫股份,002476
雏鹰退,002477
常宝股份,002478
富春环保,002479
新筑股份,002480
双塔食品,002481
ST广田,002482
润邦股份,002483
江海股份,002484
ST雪发,002485
嘉麟杰,002486
大金重工,002487
金固股份,002488
浙江永强,002489
山东墨龙,002490
通鼎互联,002491
恒基达鑫,002492
荣盛石化,002493
华斯股份,002494
佳隆股份,002495
辉丰股份,002496
雅化集团,002497
汉缆股份,002498
ST科林,002499
山西证券,002500
利源精制,002501
鼎龙文化,002502
搜于特,002503
ST弘高,002504
鹏都农牧,002505
协鑫集成,002506
涪陵榨菜,002507
老板电器,002508
天茂退,002509
天汽模,002510
中顺洁柔,002511
达华智能,002512
蓝丰生化,002513
宝馨科技,002514
金字火腿,002515
旷达科技,002516
恺英网络,002517
科士达,002518
银河电子,002519
日发精机,002520
齐峰新材,002521
浙江众成,002522
天桥起重,002523
光正眼科,002524
山东矿机,002526
新时达,002527
英飞拓,002528
海源复材,002529
金财互联,002530
天顺风能,002531
天山铝业,002532
金杯电工,002533
西子洁能,002534
ST林重,002535
飞龙股份,002536
海联金汇,002537
司尔特,002538
云图控股,002539
亚太科技,002540
鸿路钢构,002541
中化岩土,002542
万和电气,002543
普天科技,002544
东方铁塔,002545
新联电子,002546
春兴精工,002547
金新农,002548
凯美特气,002549
千红制药,002550
尚荣医疗,002551
宝鼎科技,002552
南方精工,002553
惠博普,002554
三七互娱,002555
辉隆股份,002556
洽洽食品,002557
巨人网络,002558
亚威股份,002559
通达股份,002560
徐家汇,002561
兄弟科技,002562
森马服饰,002563
天沃科技,002564
顺灏股份,002565
益盛药业,002566
唐人神,002567
百润股份,002568
ST步森,002569
贝因美,002570
德力股份,002571
索菲亚,002572
清新环境,002573
明牌珠宝,002574
群兴玩具,002575
通达动力,002576
雷柏科技,002577
闽发铝业,002578
中京电子,002579
圣阳股份,002580
未名医药,002581
好想你,002582
海能达,002583
西陇科学,002584
双星新材,002585
ST围海,002586
奥拓电子,002587
史丹利,002588
瑞康医药,002589
万安科技,002590
恒大高新,002591
ST八菱,002592
日上集团,002593
比亚迪,002594
豪迈科技,002595
海南瑞泽,002596
金禾实业,002597
山东章鼓,002598
盛通股份,002599
领益智造,002600
龙佰集团,002601
世纪华通,002602
以岭药业,002603
龙力退,002604
姚记科技,002605
大连电瓷,002606
中公教育,002607
江苏国信,002608
捷顺科技,002609
爱康科技,002610
东方精工,002611
朗姿股份,002612
北玻股份,002613
奥佳华,002614
哈尔斯,002615
长青集团,002616
露笑科技,002617
丹邦退,002618
ST艾格,002619
瑞和股份,002620
美吉姆,002621
皓宸医疗,002622
亚玛顿,002623
完美世界,002624
光启技术,002625
金达威,002626
三峡旅游,002627
成都路桥,002628
仁智股份,002629
华西能源,002630
德尔未来,002631
道明光学,002632
申科股份,002633
棒杰股份,002634
安洁科技,002635
金安国纪,002636
赞宇科技,002637
勤上股份,002638
雪人股份,002639
跨境通,002640
公元股份,002641
荣联科技,002642
万润股份,002643
佛慈制药,002644
华宏科技,002645
天佑德酒,002646
仁东控股,002647
卫星化学,002648
博彦科技,002649
加加食品,002650
利君股份,002651
扬子新材,002652
海思科,002653
万润科技,002654
共达电声,002655
ST摩登,002656
中科金财,002657
雪迪龙,002658
凯文教育,002659
茂硕电源,002660
克明食品,002661
京威股份,002662
普邦股份,002663
信质集团,002664
首航高科,002665
德联集团,002666
鞍重股份,002667
奥马电器,002668
康达新材,002669
国盛金控,002670
龙泉股份,002671
东江环保,002672
西部证券,002673
兴业科技,002674
东诚药业,002675
顺威股份,002676
浙江美大,002677
珠江钢琴,002678
福建金森,002679
长生退,002680
奋达科技,002681
龙洲股份,002682
广东宏大,002683
猛狮退,002684
华东重机,002685
亿利达,002686
乔治白,002687
金河生物,002688
远大智能,002689
美亚光电,002690
冀凯股份,002691
ST远程,002692
双成药业,002693
顾地科技,002694
煌上煌,002695
百洋股份,002696
红旗连锁,002697
博实股份,002698
ST美盛,002699
ST浩源,002700
奥瑞金,002701
海欣食品,002702
浙江世宝,002703
新宝股份,002705
良信股份,002706
众信旅游,002707
光洋股份,002708
天赐材料,002709
欧浦退,002711
思美传媒,002712
东易日盛,002713
牧原股份,002714
登云股份,002715
金贵银业,002716
岭南股份,002717
友邦吊顶,002718
麦趣尔,002719
金一文化,002721
物产金轮,002722
小崧股份,002723
海洋王,002724
跃岭股份,002725
龙大美食,002726
一心堂,002727
特一药业,002728
好利科技,002729
电光科技,002730
萃华珠宝,002731
燕塘乳业,002732
雄韬股份,002733
利民股份,002734
王子新材,002735
国信证券,002736
葵花药业,002737
中矿资源,002738
万达电影,002739
ST爱迪尔,002740
光华科技,002741
ST三圣,002742
富煌钢构,002743
木林森,002745
仙坛股份,002746
埃斯顿,002747
世龙实业,002748
国光股份,002749
龙津药业,002750
ST易尚,002751
昇兴股份,002752
永东股份,002753
奥赛康,002755
永兴材料,002756
南兴股份,002757
浙农股份,002758
天际股份,002759
凤形股份,002760
浙江建投,002761
金发拉比,002762
汇洁股份,002763
蓝黛科技,002765
索菱股份,002766
先锋电子,002767
国恩股份,002768
普路通,002769
科迪退,002770
真视通,002771
众兴菌业,002772
康弘药业,002773
快意电梯,002774
文科园林,002775
ST柏龙,002776
久远银海,002777
中晟高科,002778
中坚科技,002779
三夫户外,002780
ST奇信,002781
可立克,002782
凯龙股份,002783
万里石,002785
银宝山新,002786
华源控股,002787
鹭燕医药,002788
建艺集团,002789
瑞尔特,002790
坚朗五金,002791
通宇通讯,002792
罗欣药业,002793
永和智控,002795
世嘉科技,002796
第一创业,002797
帝欧家居,002798
环球印务,002799
天顺股份,002800
微光股份,002801
洪汇新材,002802
吉宏股份,002803
丰元股份,002805
华锋股份,002806
江阴银行,002807
恒久科技,002808
红墙股份,002809
山东赫达,002810
郑中设计,002811
恩捷股份,002812
路畅科技,002813
崇达技术,002815
和科达,002816
黄山胶囊,002817
富森美,002818
东方中科,002819
桂发祥,002820
凯莱英,002821
中装建设,002822
凯中精密,002823
和胜股份,002824
纳尔股份,002825
易明医药,002826
高争民爆,002827
贝肯能源,002828
星网宇达,002829
名雕股份,002830
裕同科技,002831
比音勒芬,002832
弘亚数控,002833
同为股份,002835
新宏泽,002836
英维克,002837
道恩股份,002838
张家港行,002839
华统股份,002840
视源股份,002841
翔鹭钨业,002842
泰嘉股份,002843
同兴达,002845
英联股份,002846
盐津铺子,002847
高斯贝尔,002848
威星智能,002849
科达利,002850
麦格米特,002851
道道全,002852
皮阿诺,002853
捷荣技术,002855
美芝股份,002856
三晖电气,002857
力盛体育,002858
洁美科技,002859
星帅尔,002860
瀛通通讯,002861
实丰文化,002862
今飞凯达,002863
盘龙药业,002864
钧达股份,002865
传艺科技,002866
周大生,002867
绿康生化,002868
金溢科技,002869
香山股份,002870
伟隆股份,002871
ST天圣,002872
新天药业,002873
安奈儿,002875
三利谱,002876
智能自控,002877
元隆雅图,002878
长缆科技,002879
卫光生物,002880
美格智能,002881
金龙羽,002882
中设股份,002883
凌霄泵业,002884
京泉华,002885
沃特股份,002886
绿茵生态,002887
惠威科技,002888
东方嘉盛,002889
弘宇股份,002890
中宠股份,002891
科力尔,002892
华通热力,002893
川恒股份,002895
中大力德,002896
意华股份,002897
赛隆药业,002898
英派斯,002899
哈三联,002900
大博医疗,002901
铭普光磁,002902
宇环数控,002903
金逸影视,002905
华阳集团,002906
华森制药,002907
德生科技,002908
集泰股份,002909
庄园牧场,002910
佛燃能源,002911
中新赛克,002912
奥士康,002913
中欣氟材,002915
深南电路,002916
金奥博,002917
蒙娜丽莎,002918
名臣健康,002919
德赛西威,002920
联诚精密,002921
伊戈尔,002922
润都股份,002923
盈趣科技,002925
华西证券,002926
泰永长征,002927
华夏航空,002928
润建股份,002929
宏川智慧,002930
锋龙股份,002931
明德生物,002932
新兴装备,002933
天奥电子,002935
郑州银行,002936
兴瑞科技,002937
鹏鼎控股,002938
长城证券,002939
昂利康,002940
新疆交建,002941
新农股份,002942
宇晶股份,002943
华林证券,002945
新乳业,002946
恒铭达,002947
青岛银行,002948
华阳国际,002949
奥美医疗,002950
金时科技,002951
亚世光电,002952
日丰股份,002953
鸿合科技,002955
西麦食品,002956
科瑞技术,002957
青农商行,002958
小熊电器,002959
青鸟消防,002960
瑞达期货,002961
五方光电,002962
豪尔赛,002963
祥鑫科技,002965
苏州银行,002966
广电计量,002967
新大正,002968
嘉美包装,002969
锐明技术,002970
和远气体,002971
科安达,002972
侨银股份,002973
博杰股份,002975
瑞玛精密,002976
天箭科技,002977
安宁股份,002978
雷赛智能,002979
华盛昌,002980
朝阳科技,002981
湘佳股份,002982
芯瑞达,002983
森麒麟,002984
北摩高科,002985
宇新股份,002986
京北方,002987
豪美新材,002988
中天精装,002989
盛视科技,002990
甘源食品,002991
宝明科技,002992
奥海科技,002993
天地在线,002995
顺博合金,002996
瑞鹄模具,002997
优彩资源,002998
天禾股份,002999
劲仔食品,003000
中岩大地,003001
壶化股份,003002
天元股份,003003
声迅股份,003004
竞业达,003005
百亚股份,003006
直真科技,003007
开普检测,003008
中天火箭,003009
若羽臣,003010
海象新材,003011
东鹏控股,003012
地铁设计,003013
日久光电,003015
欣贺股份,003016
大洋生物,003017
金富科技,003018
宸展光电,003019
立方制药,003020
兆威机电,003021
联泓新科,003022
彩虹集团,003023
思进智能,003025
中晶科技,003026
同兴环保,003027
振邦智能,003028
吉大正元,003029
祖名股份,003030
中瓷电子,003031
传智教育,003032
征和工业,003033
南网能源,003035
泰坦股份,003036
三和管桩,003037
鑫铂股份,003038
顺控发展,003039
楚天龙,003040
真爱美家,003041
中农联合,003042
华亚智能,003043
中国广核,003816
特锐德,300001
神州泰岳,300002
乐普医疗,300003
南风股份,300004
探路者,300005
莱美药业,300006
汉威科技,300007
天海防务,300008
安科生物,300009
豆神教育,300010
鼎汉技术,300011
华测检测,300012
新宁物流,300013
亿纬锂能,300014
爱尔眼科,300015
北陆药业,300016
网宿科技,300017
中元股份,300018
硅宝科技,300019
银江技术,300020
大禹节水,300021
吉峰科技,300022
宝德退,300023
机器人,300024
华星创业,300025
红日药业,300026
华谊兄弟,300027
金亚退,300028
ST天龙,300029
阳普医疗,300030
宝通科技,300031
金龙机电,300032
同花顺,300033
钢研高纳,300034
中科电气,300035
超图软件,300036
新宙邦,300037
数知退,300038
上海凯宝,300039
九洲集团,300040
回天新材,300041
朗科科技,300042
星辉娱乐,300043
赛为智能,300044
华力创通,300045
台基股份,300046
天源迪科,300047
合康新能,300048
福瑞股份,300049
世纪鼎利,300050
三五互联,300051
中青宝,300052
欧比特,300053
鼎龙股份,300054
万邦达,300055
中创环保,300056
万顺新材,300057
蓝色光标,300058
东方财富,300059
旗天科技,300061
中能电气,300062
天龙集团,300063
金刚退,300064
海兰信,300065
三川智慧,300066
安诺其,300067
南都电源,300068
金利华电,300069
碧水源,300070
福石控股,300071
海新能科,300072
当升科技,300073
华平股份,300074
数字政通,300075
GQY视讯,300076
国民技术,300077
思创医惠,300078
数码视讯,300079
易成新能,300080
恒信东方,300081
奥克股份,300082
创世纪,300083
海默科技,300084
银之杰,300085
康芝药业,300086
荃银高科,300087
长信科技,300088
ST文化,300089
盛运退,300090
金通灵,300091
科新机电,300092
金刚光伏,300093
国联水产,300094
华伍股份,300095
易联众,300096
智云股份,300097
高新兴,300098
精准信息,300099
双林股份,300100
振芯科技,300101
乾照光电,300102
达刚控股,300103
乐视退,300104
龙源技术,300105
西部牧业,300106
建新股份,300107
ST吉药,300108
新开源,300109
华仁药业,300110
向日葵,300111
万讯自控,300112
顺网科技,300113
中航电测,300114
长盈精密,300115
保力新,300116
嘉寓股份,300117
东方日升,300118
瑞普生物,300119
经纬辉开,300120
阳谷华泰,300121
智飞生物,300122
亚光科技,300123
汇川技术,300124
聆达股份,300125
锐奇股份,300126
银河磁体,300127
锦富技术,300128
泰胜风能,300129
新国都,300130
英唐智控,300131
青松股份,300132
华策影视,300133
大富科技,300134
宝利国际,300135
信维通信,300136
先河环保,300137
晨光生物,300138
晓程科技,300139
中环装备,300140
和顺电气,300141
沃森生物,300142
盈康生命,300143
宋城演艺,300144
中金环境,300145
汤臣倍健,300146
香雪制药,300147
天舟文化,300148
睿智医药,300149
世纪瑞尔,300150
昌红科技,300151
新动力,300152
科泰电源,300153
瑞凌股份,300154
安居宝,300155
神雾退,300156
恒泰艾普,300157
振东制药,300158
ST新研,300159
秀强股份,300160
华中数控,300161
雷曼光电,300162
先锋新材,300163
通源石油,300164
天瑞仪器,300165
东方国信,300166
迪威迅,300167
万达信息,300168
天晟新材,300169
汉得信息,300170
东富龙,300171
中电环保,300172
福能东方,300173
元力股份,300174
朗源股份,300175
派生科技,300176
中海达,300177
腾邦退,300178
四方达,300179
华峰超纤,300180
佐力药业,300181
捷成股份,300182
东软载波,300183
力源信息,300184
通裕重工,300185
大华农,300186
永清环保,300187
美亚柏科,300188
神农科技,300189
维尔利,300190
潜能恒信,300191
科德教育,300192
佳士科技,300193
福安药业,300194
长荣股份,300195
长海股份,300196
节能铁汉,300197
纳川股份,300198
翰宇药业,300199
高盟新材,300200
ST海伦,300201
聚龙退,300202
聚光科技,300203
舒泰神,300204
天喻信息,300205
理邦仪器,300206
欣旺达,300207
青岛中程,300208
有棵树,300209
森远股份,300210
亿通科技,300211
易华录,300212
佳讯飞鸿,300213
日科化学,300214
电科院,300215
千山退,300216
东方电热,300217
安利股份,300218
鸿利智汇,300219
金运激光,300220
银禧科技,300221
科大智能,300222
北京君正,300223
正海磁材,300224
金力泰,300225
上海钢联,300226
光韵达,300227
富瑞特装,300228
拓尔思,300229
永利股份,300230
银信科技,300231
洲明科技,300232
金城医药,300233
开尔新材,300234
方直科技,300235
上海新阳,300236
美晨生态,300237
冠昊生物,300238
东宝生物,300239
飞力达,300240
瑞丰光电,300241
佳云科技,300242
瑞丰高材,300243
迪安诊断,300244
天玑科技,300245
宝莱特,300246
融捷健康,300247
新开普,300248
依米康,300249
初灵信息,300250
光线传媒,300251
金信诺,300252
卫宁健康,300253
仟源医药,300254
常山药业,300255
ST星星,300256
开山股份,300257
精锻科技,300258
新天科技,300259
新莱应材,300260
雅本化学,300261
巴安水务,300262
隆华科技,300263
佳创视讯,300264
通光线缆,300265
兴源环境,300266
尔康制药,300267
佳沃食品,300268
联建光电,300269
中威电子,300270
华宇软件,300271
开能健康,300272
ST和佳,300273
阳光电源,300274
梅安森,300275
三丰智能,300276
海联讯,300277
华昌达,300278
和晶科技,300279
紫天科技,300280
金明精机,300281
ST三盛,300282
温州宏丰,300283
苏交科,300284
国瓷材料,300285
安科瑞,300286
飞利信,300287
朗玛信息,300288
利德曼,300289
荣科科技,300290
百纳千成,300291
吴通控股,300292
蓝英装备,300293
博雅生物,300294
三六五网,300295
利亚德,300296
ST蓝盾,300297
三诺生物,300298
富春股份,300299
海峡创新,300300
ST长方,300301
同有科技,300302
聚飞光电,300303
云意电气,300304
裕兴股份,300305
远方信息,300306
慈星股份,300307
中际旭创,300308
ST吉艾,300309
宜通世纪,300310
任子行,300311
邦讯退,300312
ST天山,300313
戴维医疗,300314
掌趣科技,300315
晶盛机电,300316
珈伟新能,300317
博晖创新,300318
麦捷科技,300319
海达股份,300320
同大股份,300321
硕贝德,300322
华灿光电,300323
旋极信息,300324
德威退,300325
凯利泰,300326
中颖电子,300327
宜安科技,300328
海伦钢琴,300329
ST计通,300330
苏大维格,300331
天壕环境,300332
兆日科技,300333
津膜科技,300334
迪森股份,300335
ST新文,300336
银邦股份,300337
ST开元,300338
润和软件,300339
科恒股份,300340
麦克奥迪,300341
天银机电,300342
联创股份,300343
立方数科,300344
华民股份,300345
南大光电,300346
泰格医药,300347
长亮科技,300348
金卡智能,300349
华鹏飞,300350
永贵电器,300351
北信源,300352
东土科技,300353
东华测试,300354
蒙草生态,300355
ST光一,300356
我武生物,300357
楚天科技,300358
全通教育,300359
炬华科技,300360
天翔退,300362
博腾股份,300363
中文在线,300364
恒华科技,300365
创意信息,300366
网力退,300367
汇金股份,300368
绿盟科技,300369
ST安控,300370
汇中股份,300371
欣泰退,300372
扬杰科技,300373
中铁装配,300374
鹏翎股份,300375
易事特,300376
赢时胜,300377
鼎捷软件,300378
东方通,300379
安硕信息,300380
溢多利,300381
斯莱克,300382
光环新网,300383
三联虹普,300384
雪浪环境,300385
飞天诚信,300386
富邦股份,300387
节能国祯,300388
艾比森,300389
天华新能,300390
长药控股,300391
ST腾信,300392
中来股份,300393
天孚通信,300394
菲利华,300395
迪瑞医疗,300396
天和防务,300397
飞凯材料,300398
天利科技,300399
劲拓股份,300400
花园生物,300401
宝色股份,300402
汉宇集团,300403
博济医药,300404
科隆股份,300405
九强生物,300406
凯发电气,300407
三环集团,300408
道氏技术,300409
正业科技,300410
金盾股份,300411
迦南科技,300412
芒果超媒,300413
中光防雷,300414
伊之密,300415
苏试试验,300416
南华仪器,300417
昆仑万维,300418
浩丰科技,300419
五洋停车,300420
力星股份,300421
博世科,300422
昇辉科技,300423
航新科技,300424
中建环能,300425
唐德影视,300426
红相股份,300427
立中集团,300428
强力新材,300429
诚益通,300430
暴风退,300431
富临精工,300432
蓝思科技,300433
金石亚药,300434
中泰股份,300435
广生堂,300436
清水源,300437
鹏辉能源,300438
美康生物,300439
运达科技,300440
鲍斯股份,300441
润泽科技,300442
金雷股份,300443
双杰电气,300444
康斯特,300445
乐凯新材,300446
全信股份,300447
浩云科技,300448
汉邦高科,300449
先导智能,300450
创业慧康,300451
山河药辅,300452
三鑫医疗,300453
深信服,300454
康拓红外,300455
赛微电子,300456
赢合科技,300457
全志科技,300458
汤姆猫,300459
惠伦晶体,300460
田中精机,300461
华铭智能,300462
迈克生物,300463
星徽股份,300464
高伟达,300465
赛摩智能,300466
迅游科技,300467
四方精创,300468
信息发展,300469
中密控股,300470
厚普股份,300471
新元科技,300472
德尔股份,300473
景嘉微,300474
香农芯创,300475
胜宏科技,300476
合纵科技,300477
杭州高新,300478
神思电子,300479
光力科技,300480
濮阳惠成,300481
万孚生物,300482
首华燃气,300483
蓝海华腾,300484
赛升药业,300485
东杰智能,300486
蓝晓科技,300487
恒锋工具,300488
光智科技,300489
华自科技,300490
通合科技,300491
华图山鼎,300492
润欣科技,300493
盛天网络,300494
ST美尚,300495
中科创达,300496
富祥药业,300497
温氏股份,300498
高澜股份,300499
启迪设计,300500
海顺新材,300501
新易盛,300502
昊志机电,300503
天邑股份,300504
川金诺,300505
名家汇,300506
苏奥传感,300507
维宏股份,300508
新美星,300509
金冠股份,300510
雪榕生物,300511
中亚股份,300512
恒实科技,300513
友讯达,300514
三德科技,300515
久之洋,300516
海波重科,300517
盛讯达,300518
新光药业,300519
科大国创,300520
爱司凯,300521
世名科技,300522
辰安科技,300523
博思软件,300525
ST中潜,300526
中船应急,300527
幸福蓝海,300528
健帆生物,300529
达志科技,300530
优博讯,300531
今天国际,300532
冰川网络,300533
陇神戎发,300534
达威股份,300535
农尚环境,300536
广信材料,300537
同益股份,300538
横河精密,300539
蜀道装备,300540
先进数通,300541
新晨科技,300542
朗科智能,300543
联得装备,300545
雄帝科技,300546
川环科技,300547
博创科技,300548
优德精密,300549
和仁科技,300550
古鳌科技,300551
万集科技,300552
集智股份,300553
三超新材,300554
ST路通,300555
丝路视觉,300556
理工光科,300557
贝达药业,300558
佳发教育,300559
中富通,300560
汇金科技,300561
乐心医疗,300562
神宇股份,300563
筑博设计,300564
科信技术,300565
激智科技,300566
精测电子,300567
星源材质,300568
天能重工,300569
太辰光,300570
平治信息,300571
安车检测,300572
兴齐眼药,300573
中旗股份,300575
容大感光,300576
开润股份,300577
会畅通讯,300578
数字认证,300579
贝斯特,300580
晨曦航空,300581
英飞特,300582
赛托生物,300583
海辰药业,300584
奥联电子,300585
美联新材,300586
天铁股份,300587
熙菱信息,300588
江龙船艇,300589
移为通信,300590
万里马,300591
华凯易佰,300592
新雷能,300593
朗进科技,300594
欧普康视,300595
利安隆,300596
吉大通信,300597
诚迈科技,300598
雄塑科技,300599
国瑞科技,300600
康泰生物,300601
飞荣达,300602
立昂技术,300603
长川科技,300604
恒锋信息,300605
金太阳,300606
拓斯达,300607
思特奇,300608
汇纳科技,300609
晨化股份,300610
美力科技,300611
宣亚国际,300612
富瀚微,300613
百川畅银,300614
欣天科技,300615
尚品宅配,300616
安靠智电,300617
寒锐钴业,300618
金银河,300619
光库科技,300620
维业股份,300621
博士眼镜,300622
捷捷微电,300623
万兴科技,300624
三雄极光,300625
华瑞股份,300626
华测导航,300627
亿联网络,300628
新劲刚,300629
普利制药,300630
久吾高科,300631
光莆股份,300632
开立医疗,300633
彩讯股份,300634
中达安,300635
同和药业,300636
扬帆新材,300637
广和通,300638
凯普生物,300639
德艺文创,300640
正丹股份,300641
透景生命,300642
万通智控,300643
南京聚隆,300644
正元智慧,300645
超频三,300647
星云股份,300648
杭州园林,300649
太龙股份,300650
金陵体育,300651
雷迪克,300652
正海生物,300653
世纪天鸿,300654
晶瑞电材,300655
民德电子,300656
弘信电子,300657
延江股份,300658
中孚信息,300659
江苏雷利,300660
圣邦股份,300661
科锐国际,300662
科蓝软件,300663
鹏鹞环保,300664
飞鹿股份,300665
江丰电子,300666
必创科技,300667
杰恩设计,300668
沪宁股份,300669
大烨智能,300670
富满微,300671
国科微,300672
佩蒂股份,300673
宇信科技,300674
建科院,300675
华大基因,300676
英科医疗,300677
中科信息,300678
电连技术,300679
隆盛科技,300680
英搏尔,300681
朗新科技,300682
海特生物,300683
中石科技,300684
艾德生物,300685
智动力,300686
赛意信息,300687
创业黑马,300688
澄天伟业,300689
双一科技,300690
联合光电,300691
中环环保,300692
盛弘股份,300693
蠡湖股份,300694
兆丰股份,300695
爱乐达,300696
电工合金,300697
万马科技,300698
光威复材,300699
岱勒新材,300700
森霸传感,300701
天宇股份,300702
创源股份,300703
九典制药,300705
阿石创,300706
威唐工业,300707
聚灿光电,300708
精研科技,300709
万隆光电,300710
广哈通信,300711
永福股份,300712
英可瑞,300713
凯伦股份,300715
泉为科技,300716
华信新材,300717
长盛轴承,300718
安达维尔,300719
海川智能,300720
怡达股份,300721
新余国科,300722
一品红,300723
捷佳伟创,300724
药石科技,300725
宏达电子,300726
润禾材料,300727
乐歌股份,300729
科创信息,300730
科创新源,300731
设研院,300732
西菱动力,300733
光弘科技,300735
百邦科技,300736
科顺股份,300737
奥飞数据,300738
明阳电路,300739
水羊股份,300740
华宝股份,300741
越博动力,300742
天地数码,300743
欣锐科技,300745
汉嘉设计,300746
锐科激光,300747
金力永磁,300748
顶固集创,300749
宁德时代,300750
迈为股份,300751
隆利科技,300752
爱朋医疗,300753
华致酒行,300755
金马游乐,300756
罗博特科,300757
七彩化学,300758
康龙化成,300759
迈瑞医疗,300760
立华股份,300761
上海瀚讯,300762
锦浪科技,300763
新诺威,300765
每日互动,300766
震安科技,300767
迪普科技,300768
德方纳米,300769
新媒股份,300770
智莱科技,300771
运达股份,300772
拉卡拉,300773
倍杰特,300774
三角防务,300775
帝尔激光,300776
中简科技,300777
新城市,300778
惠城环保,300779
德恩精工,300780
因赛集团,300781
卓胜微,300782
三只松鼠,300783
值得买,300785
国林科技,300786
海能实业,300787
中信出版,300788
唐源电气,300789
宇瞳光学,300790
仙乐健康,300791
壹网壹创,300792
佳禾智能,300793
米奥会展,300795
贝斯美,300796
钢研纳克,300797
锦鸡股份,300798
左江科技,300799
力合科技,300800
泰和科技,300801
矩子科技,300802
指南针,300803
电声股份,300805
斯迪克,300806
天迈科技,300807
久量股份,300808
华辰装备,300809
中科海讯,300810
铂科新材,300811
易天股份,300812
泰林生物,300813
中富电路,300814
玉禾田,300815
艾可蓝,300816
双飞股份,300817
耐普矿机,300818
聚杰微纤,300819
英杰电气,300820
东岳硅材,300821
贝仕达克,300822
建科机械,300823
北鼎股份,300824
阿尔特,300825
测绘股份,300826
上能电气,300827
锐新科技,300828
金丹科技,300829
金现代,300830
派瑞股份,300831
新产业,300832
浩洋股份,300833
星辉环材,300834
龙磁科技,300835
佰奥智能,300836
浙矿股份,300837
浙江力诺,300838
博汇股份,300839
酷特智能,300840
康华生物,300841
帝科股份,300842
胜蓝股份,300843
山水比德,300844
捷安高科,300845
首都在线,300846
中船汉光,300847
美瑞新材,300848
锦盛新材,300849
新强联,300850
交大思诺,300851
四会富仕,300852
申昊科技,300853
中兰环保,300854
图南股份,300855
科思股份,300856
协创数据,300857
科拓生物,300858
西域旅游,300859
锋尚文化,300860
美畅股份,300861
蓝盾光电,300862
卡倍亿,300863
南大环境,300864
大宏立,300865
安克创新,300866
圣元环保,300867
杰美特,300868
康泰医学,300869
欧陆通,300870
回盛生物,300871
天阳科技,300872
海晨股份,300873
捷强装备,300875
蒙泰高新,300876
金春股份,300877
维康药业,300878
大叶股份,300879
迦南智能,300880
盛德鑫泰,300881
万胜智能,300882
龙利得,300883
狄耐克,300884
海昌新材,300885
华业香料,300886
谱尼测试,300887
稳健医疗,300888
爱克股份,300889
翔丰华,300890
惠云钛业,300891
品渥食品,300892
松原股份,300893
火星人,300894
铜牛信息,300895
爱美客,300896
山科智能,300897
熊猫乳品,300898
上海凯鑫,300899
广联航空,300900
中胤时尚,300901
国安达,300902
科翔股份,300903
宝丽迪,300905
日月明,300906
康平科技,300907
仲景食品,300908
汇创达,300909
瑞丰新材,300910
亿田智能,300911
凯龙高科,300912
兆龙互连,300913
海融科技,300915
朗特智能,300916
特发服务,300917
南山智尚,300918
中伟股份,300919
润阳科技,300920
南凌科技,300921
天秦装备,300922
研奥股份,300923
法本信息,300925
博俊科技,300926
江天化学,300927
华安鑫创,300928
华骐环保,300929
屹通新材,300930
通用电梯,300931
三友联众,300932
中辰股份,300933
盈建科,300935
中英科技,300936
药易购,300937
信测标准,300938
秋田微,300939
南极光,300940
创识科技,300941
易瑞生物,300942
春晖智控,300943
曼卡龙,300945
恒而达,300946
德必集团,300947
冠中生态,300948
奥雅股份,300949
德固特,300950
博硕科技,300951
恒辉安防,300952
震裕科技,300953
嘉亨家化,300955
英力股份,300956
贝泰妮,300957
建工修复,300958
线上线下,300959
通业科技,300960
深水海纳,300961
中金辐照,300962
中洲特材,300963
本川智能,300964
恒宇信通,300965
共同药业,300966
晓鸣股份,300967
格林精密,300968
恒帅股份,300969
华绿生物,300970
博亚精工,300971
万辰生物,300972
立高食品,300973
商络电子,300975
达瑞电子,300976
深圳瑞捷,300977
东箭科技,300978
华利集团,300979
祥源新材,300980
中红医疗,300981
苏文电能,300982
尤安设计,300983
金沃股份,300984
致远新能,300985
志特新材,300986
川网传媒,300987
津荣天宇,300988
蕾奥规划,300989
同飞股份,300990
创益通,300991
泰福泵业,300992
玉马遮阳,300993
久祺股份,300994
奇德新材,300995
普联软件,300996
欢乐家,300997
宁波方正,300998
金龙鱼,300999
肇民科技,301000
凯淳股份,301001
崧盛股份,301002
江苏博云,301003
嘉益股份,301004
超捷股份,301005
迈拓股份,301006
德迈仕,301007
宏昌科技,301008
可靠股份,301009
晶雪节能,301010
华立科技,301011
扬电科技,301012
利和兴,301013
百洋医药,301015
雷尔伟,301016
漱玉平民,301017
申菱环境,301018
宁波色母,301019
密封科技,301020
英诺激光,301021
海泰科,301022
江南奕帆,301023
霍普股份,301024
读客文化,301025
浩通科技,301026
华蓝集团,301027
东亚机械,301028
怡合达,301029
仕净科技,301030
中熔电气,301031
新柴股份,301032
迈普医学,301033
润丰股份,301035
双乐股份,301036
保立佳,301037
深水规院,301038
中集车辆,301039
中环海陆,301040
金百泽,301041
安联锐视,301042
绿岛风,301043
天禄科技,301045
能辉科技,301046
义翘神州,301047
金鹰重工,301048
超越科技,301049
雷电微力,301050
信濠光电,301051
果麦文化,301052
远信工业,301053
张小泉,301055
森赫股份,301056
汇隆新材,301057
中粮科工,301058
金三江,301059
兰卫医学,301060
匠心家居,301061
上海艾录,301062
海锅股份,301063
本立科技,301065
万事利,301066
显盈科技,301067
大地海洋,301068
凯盛新材,301069
开勒股份,301070
力量钻石,301071
中捷精工,301072
君亭酒店,301073
多瑞医药,301075
新瀚新材,301076
星华新材,301077
孩子王,301078
邵阳液压,301079
百普赛斯,301080
严牌股份,301081
久盛电气,301082
百胜智能,301083
亚康股份,301085
鸿富瀚,301086
可孚医疗,301087
戎美股份,301088
拓新药业,301089
华润材料,301090
深城交,301091
争光股份,301092
华兰股份,301093
广立微,301095
百诚医药,301096
天益医疗,301097
金埔园林,301098
雅创电子,301099
风光股份,301100
明月镜片,301101
兆讯传媒,301102
何氏眼科,301103
鸿铭股份,301105
骏成科技,301106
瑜欣电子,301107
洁雅股份,301108
军信股份,301109
青木股份,301110
粤万年青,301111
信邦智能,301112
雅艺科技,301113
建科股份,301115
益客食品,301116
佳缘科技,301117
恒光股份,301118
正强股份,301119
新特电气,301120
紫建电子,301121
采纳股份,301122
奕东电子,301123
腾亚精工,301125
达嘉维康,301126
天源环保,301127
强瑞技术,301128
瑞纳智能,301129
西点药业,301130
聚赛龙,301131
满坤科技,301132
金钟股份,301133
瑞德智能,301135
招标股份,301136
哈焊华通,301137
华研精机,301138
元道通信,301139
中科磁业,301141
嘉戎技术,301148
隆华新材,301149
中一科技,301150
冠龙节能,301151
天力锂能,301152
中科江南,301153
海力风电,301155
美农生物,301156
华塑科技,301157
德石股份,301158
三维天地,301159
翔楼新材,301160
唯万密封,301161
国能日新,301162
宏德股份,301163
锐捷网络,301165
优宁维,301166
建研设计,301167
通灵股份,301168
零点有数,301169
易点天下,301171
中科环保,301175
逸豪新材,301176
迪阿股份,301177
天亿马,301178
泽宇智能,301179
万祥科技,301180
标榜股份,301181
凯旺科技,301182
东田微,301183
鸥玛软件,301185
超达装备,301186
欧圣电气,301187
力诺特玻,301188
奥尼电子,301189
善水科技,301190
菲菱科思,301191
泰祥股份,301192
家联科技,301193
北路智控,301195
唯科科技,301196
工大科雅,301197
喜悦智行,301198
迈赫股份,301199
大族数控,301200
诚达药业,301201
国泰环保,301203
联特科技,301205
三元生物,301206
华兰疫苗,301207
中亦科技,301208
联合化学,301209
亨迪药业,301211
联盛化学,301212
观想科技,301213
中汽股份,301215
万凯新材,301216
铜冠铜箔,301217
华是科技,301218
腾远钴业,301219
亚香股份,301220
光庭信息,301221
浙江恒威,301222
中荣股份,301223
祥明智能,301226
森鹰窗业,301227
实朴检测,301228
纽泰格,301229
泓博医药,301230
荣信文化,301231
盛帮股份,301233
五洲医疗,301234
华康医疗,301235
软通动力,301236
和顺科技,301237
瑞泰新材,301238
普瑞眼科,301239
C宏源,301246
杰创智能,301248
通力科技,301255
华融化学,301256
普蕊斯,301257
富士莱,301258
艾布鲁,301259
格力博,301260
泰恩康,301263
华新环保,301265
宇邦新材,301266
华厦眼科,301267
铭利达,301268
华大九天,301269
汉仪股份,301270
瑞晨环保,301273
嘉曼服饰,301276
新天地,301277
快可电子,301278
金道科技,301279
珠城科技,301280
科源制药,301281
金禄电子,301282
聚胶股份,301283
鸿日达,301285
侨源股份,301286
清研环境,301288
国缆检测,301289
东星医疗,301290
新巨丰,301296
富乐德,301297
东利机械,301298
卓创资讯,301299
远翔新材,301300
川宁生物,301301
华如科技,301302
真兰仪表,301303
西测测试,301306
江波龙,301308
万得凯,301309
昆船智能,301311
智立方,301312
凡拓数创,301313
科瑞思,301314
慧博云通,301316
鑫磊股份,301317
维海德,301318
唯特偶,301319
翰博高新,301321
绿通科技,301322
捷邦科技,301326
华宝新能,301327
维峰电子,301328
熵基科技,301330
恩威医药,301331
诺思格,301333
天元宠物,301335
趣睡科技,301336
凯格精机,301338
通行宝,301339
C涛涛,301345
信德新材,301349
天振股份,301356
湖南裕能,301358
东南电子,301359
众智科技,301361
美好医疗,301363
矩阵股份,301365
一博科技,301366
怡和嘉业,301367
丰立智能,301368
联动科技,301369
凌玮科技,301373
鼎泰高科,301377
C通达海,301378
天山电子,301379
挖金客,301380
未来电器,301386
欣灵电气,301388
隆扬电子,301389
卡莱特,301391
宏景科技,301396
星源卓镁,301398
华人健康,301408
阿莱德,301419
泓淋电力,301439
浦发银行,600000
邯郸钢铁,600001
齐鲁石化,600002
ST东北高,600003
白云机场,600004
武钢股份,600005
东风汽车,600006
中国国贸,600007
首创环保,600008
上海机场,600009
包钢股份,600010
华能国际,600011
皖通高速,600012
华夏银行,600015
民生银行,600016
日照港,600017
上港集团,600018
宝钢股份,600019
中原高速,600020
上海电力,600021
山东钢铁,600022
浙能电力,600023
华能水电,600025
中远海能,600026
华电国际,600027
中国石化,600028
南方航空,600029
中信证券,600030
三一重工,600031
浙江新能,600032
福建高速,600033
楚天高速,600035
招商银行,600036
歌华有线,600037
中直股份,600038
四川路桥,600039
保利发展,600048
中国联通,600050
宁波联合,600051
东望时代,600052
九鼎投资,600053
黄山旅游,600054
万东医疗,600055
中国医药,600056
厦门象屿,600057
五矿发展,600058
古越龙山,600059
海信视像,600060
国投资本,600061
华润双鹤,600062
皖维高新,600063
南京高科,600064
ST联谊,600065
宇通客车,600066
冠城大通,600067
葛洲坝,600068
退市银鸽,600069
浙江富润,600070
凤凰光学,600071
中船科技,600072
上海梅林,600073
退市保千,600074
新疆天业,600075
康欣新材,600076
宋都股份,600077
ST澄星,600078
人福医药,600079
金花股份,600080
东风科技,600081
海泰发展,600082
博信股份,600083
中葡股份,600084
同仁堂,600085
退市金钰,600086
退市长油,600087
中视传媒,600088
特变电工,600089
退市济堂,600090
退市明科,600091
SST精密,600092
退市易见,600093
大名城,600094
湘财股份,600095
云天化,600096
开创国际,600097
广州发展,600098
林海股份,600099
同方股份,600100
明星电力,600101
莱钢股份,600102
青山纸业,600103
上汽集团,600104
永鼎股份,600105
重庆路桥,600106
美尔雅,600107
亚盛集团,600108
国金证券,600109
诺德股份,600110
北方稀土,600111
ST天成,600112
浙江东日,600113
东睦股份,600114
中国东航,600115
三峡水利,600116
西宁特钢,600117
中国卫星,600118
长江投资,600119
浙江东方,600120
郑州煤电,600121
ST宏图,600122
兰花科创,600123
铁龙物流,600125
杭钢股份,600126
金健米业,600127
弘业股份,600128
太极集团,600129
波导股份,600130
国网信通,600131
重庆啤酒,600132
东湖高新,600133
乐凯胶片,600135
ST明诚,600136
浪莎股份,600137
中青旅,600138
ST西源,600139
兴发集团,600141
金发科技,600143
退市新亿,600145
退市环球,600146
长春一东,600148
廊坊发展,600149
中国船舶,600150
航天机电,600151
维科技术,600152
建发股份,600153
华创阳安,600155
华升股份,600156
永泰能源,600157
中体产业,600158
大龙地产,600159
巨化股份,600160
天坛生物,600161
香江控股,600162
中闽能源,600163
宁科生物,600165
福田汽车,600166
联美控股,600167
武汉控股,600168
太原重工,600169
上海建工,600170
上海贝岭,600171
黄河旋风,600172
卧龙地产,600173
退市美都,600175
中国巨石,600176
雅戈尔,600177
东安动力,600178
安通控股,600179
瑞茂通,600180
SST云大,600181
SST佳通,600182
生益科技,600183
光电股份,600184
格力地产,600185
莲花健康,600186
国中水务,600187
兖矿能源,600188
泉阳泉,600189
锦州港,600190
华资实业,600191
长城电工,600192
创兴资源,600193
中牧股份,600195
复星医药,600196
伊力特,600197
大唐电信,600198
金种子酒,600199
江苏吴中,600200
生物股份,600201
哈空调,600202
福日电子,600203
S山东铝,600205
有研新材,600206
安彩高科,600207
新湖中宝,600208
退市罗顿,600209
紫江企业,600210
西藏药业,600211
绿能慧充,600212
亚星客车,600213
派斯林,600215
浙江医药,600216
中再资环,600217
全柴动力,600218
南山铝业,600219
江苏阳光,600220
海航控股,600221
太龙药业,600222
鲁商发展,600223
卓朗科技,600225
ST瀚叶,600226
圣济堂,600227
返利科技,600228
城市传媒,600229
沧州大化,600230
凌钢股份,600231
金鹰股份,600232
圆通速递,600233
科新发展,600234
民丰特纸,600235
桂冠电力,600236
铜峰电子,600237
海南椰岛,600238
ST云城,600239
退市华业,600240
ST时万,600241
ST中昌,600242
青海华鼎,600243
万通发展,600246
ST成城,600247
陕西建工,600248
两面针,600249
南纺股份,600250
冠农股份,600251
中恒集团,600252
天方药业,600253
鑫科材料,600255
广汇能源,600256
大湖股份,600257
首旅酒店,600258
广晟有色,600259
ST凯乐,600260
阳光照明,600261
北方股份,600262
路桥建设,600263
ST景谷,600265
城建发展,600266
海正药业,600267
国电南自,600268
赣粤高速,600269
外运发展,600270
航天信息,600271
开开实业,600272
嘉化能源,600273
退市昌鱼,600275
恒瑞医药,600276
亿利洁能,600277
东方创业,600278
重庆港,600279
中央商场,600280
华阳新材,600281
南钢股份,600282
钱江水利,600283
浦东建设,600284
羚锐制药,600285
SST国瓷,600286
江苏舜天,600287
大恒科技,600288
ST信通,600289
ST华仪,600290
退市西水,600291
远达环保,600292
三峡新材,600293
鄂尔多斯,600295
S兰铝,600296
广汇汽车,600297
安琪酵母,600298
安迪苏,600299
维维股份,600300
南化股份,600301
标准股份,600302
ST曙光,600303
恒顺醋业,600305
ST商城,600306
酒钢宏兴,600307
华泰股份,600308
万华化学,600309
桂东电力,600310
ST荣华,600311
平高电气,600312
农发种业,600313
上海家化,600315
洪都航空,600316
营口港,600317
新力金融,600318
亚星化学,600319
振华重工,600320
正源股份,600321
天房发展,600322
瀚蓝环境,600323
华发股份,600325
西藏天路,600326
大东方,600327
中盐化工,600328
达仁堂,600329
天通股份,600330
宏达股份,600331
白云山,600332
长春燃气,600333
国机汽车,600335
澳柯玛,600336
美克家居,600337
西藏珠峰,600338
中油工程,600339
华夏幸福,600340
航天动力,600343
长江通信,600345
恒力石化,600346
华阳股份,600348
山东高速,600350
亚宝药业,600351
浙江龙盛,600352
旭光电子,600353
敦煌种业,600354
精伦电子,600355
恒丰纸业,600356
承德钒钛,600357
国旅联合,600358
新农开发,600359
华微电子,600360
创新新材,600361
江西铜业,600362
联创光电,600363
ST通葡,600365
宁波韵升,600366
红星发展,600367
五洲交通,600368
西南证券,600369
三房巷,600370
万向德农,600371
中航电子,600372
中文传媒,600373
汉马科技,600375
首开股份,600376
宁沪高速,600377
昊华科技,600378
宝光股份,600379
健康元,600380
青海春天,600381
ST广珠,600382
金地集团,600383
退市金泰,600385
北巴传媒,600386
海越能源,600387
ST龙净,600388
江山股份,600389
五矿资本,600390
航发科技,600391
盛和资源,600392
粤泰股份,600393
盘江股份,600395
金山股份,600396
安源煤业,600397
海澜之家,600398
抚顺特钢,600399
红豆股份,600400
退市海润,600401
大有能源,600403
动力源,600405
国电南瑞,600406
安泰集团,600408
三友化工,600409
华胜天成,600410
小商品城,600415
湘电股份,600416
江淮汽车,600418
天润乳业,600419
国药现代,600420
华嵘控股,600421
昆药集团,600422
柳化股份,600423
青松建化,600425
华鲁恒升,600426
中远海特,600428
三元股份,600429
退市吉恩,600432
冠豪高新,600433
北方导航,600435
片仔癀,600436
通威股份,600438
瑞贝卡,600439
国机通用,600444
金证股份,600446
华纺股份,600448
宁夏建材,600449
涪陵电力,600452
博通股份,600455
宝钛股份,600456
时代新材,600458
贵研铂业,600459
士兰微,600460
洪城环境,600461
ST九有,600462
空港股份,600463
蓝光发展,600466
好当家,600467
百利电气,600468
风神股份,600469
六国化工,600470
包头铝业,600472
华光环能,600475
湘邮科技,600476
杭萧钢构,600477
科力远,600478
千金药业,600479
凌云股份,600480
双良节能,600481
中国动力,600482
福能股份,600483
ST信威,600485
扬农化工,600486
亨通光电,600487
津药药业,600488
中金黄金,600489
鹏欣资源,600490
龙元建设,600491
凤竹纺织,600493
晋西车轴,600495
精工钢构,600496
驰宏锌锗,600497
烽火通信,600498
科达制造,600499
中化国际,600500
航天晨光,600501
安徽建工,600502
华丽家族,600503
西昌电力,600505
统一股份,600506
方大特钢,600507
上海能源,600508
天富能源,600509
黑牡丹,600510
国药股份,600511
腾达建设,600512
联环药业,600513
海南机场,600515
方大炭素,600516
国网英大,600517
ST康美,600518
贵州茅台,600519
文一科技,600520
华海药业,600521
中天科技,600522
贵航股份,600523
长园集团,600525
菲达环保,600526
江南高纤,600527
中铁工业,600528
山东药玻,600529
交大昂立,600530
豫光金铅,600531
ST未来,600532
栖霞建设,600533
天士力,600535
中国软件,600536
亿晶光电,600537
国发股份,600538
狮头股份,600539
新赛股份,600540
莫高股份,600543
卓郎智能,600545
山煤国际,600546
山东黄金,600547
深高速,600548
厦门钨业,600549
保变电气,600550
时代出版,600551
凯盛科技,600552
太行水泥,600553
退市海创,600555
天下秀,600556
康缘药业,600557
大西洋,600558
老白干酒,600559
金自天正,600560
江西长运,600561
国睿科技,600562
法拉电子,600563
迪马股份,600565
济川药业,600566
山鹰国际,600567
ST中珠,600568
安阳钢铁,600569
恒生电子,600570
信雅达,600571
康恩贝,600572
惠泉啤酒,600573
淮河能源,600575
祥源文旅,600576
精达股份,600577
京能电力,600578
克劳斯,600579
卧龙电驱,600580
八一钢铁,600581
天地科技,600582
海油工程,600583
长电科技,600584
海螺水泥,600585
金晶科技,600586
新华医疗,600587
用友网络,600588
ST榕泰,600589
泰豪科技,600590
ST上航,600591
龙溪股份,600592
大连圣亚,600593
益佰制药,600594
中孚实业,600595
新安股份,600596
光明乳业,600597
北大荒,600598
ST熊猫,600599
青岛啤酒,600600
ST方科,600601
云赛智联,600602
广汇物流,600603
市北高新,600604
汇通能源,600605
绿地控股,600606
上实医药,600607
ST沪科,600608
金杯汽车,600609
中毅达,600610
大众交通,600611
老凤祥,600612
神奇制药,600613
退市鹏起,600614
丰华股份,600615
金枫酒业,600616
国新能源,600617
氯碱化工,600618
海立股份,600619
天宸股份,600620
华鑫股份,600621
光大嘉宝,600622
华谊集团,600623
复旦复华,600624
PT水仙,600625
申达股份,600626
上电股份,600627
新世界,600628
华建集团,600629
龙头股份,600630
百联股份,600631
华联商厦,600632
浙数文化,600633
退市富控,600634
大众公用,600635
国新文化,600636
东方明珠,600637
新黄浦,600638
浦东金桥,600639
国脉文化,600640
万业企业,600641
申能股份,600642
爱建集团,600643
乐山电力,600644
中源协和,600645
ST国嘉,600646
同达创业,600647
外高桥,600648
城投控股,600649
锦江在线,600650
飞乐音响,600651
退市游久,600652
申华控股,600653
ST中安,600654
豫园股份,600655
退市博元,600656
信达地产,600657
电子城,600658
ST花雕,600659
福耀玻璃,600660
昂立教育,600661
外服控股,600662
陆家嘴,600663
哈药股份,600664
天地源,600665
ST瑞德,600666
太极实业,600667
尖峰集团,600668
ST鞍成,600669
ST斯达,600670
ST目药,600671
ST华圣,600672
东阳光,600673
川投能源,600674
中华企业,600675
交运股份,600676
ST航通,600677
四川金顶,600678
上海凤凰,600679
ST上普,600680
百川能源,600681
南京新百,600682
京投发展,600683
珠江股份,600684
中船防务,600685
金龙汽车,600686
退市刚泰,600687
上海石化,600688
上海三毛,600689
海尔智家,600690
阳煤化工,600691
亚通股份,600692
东百集团,600693
大商股份,600694
退市绿庭,600695
岩石股份,600696
欧亚集团,600697
湖南天雁,600698
均胜电子,600699
ST数码,600700
退市工新,600701
舍得酒业,600702
三安光电,600703
物产中大,600704
中航产融,600705
曲江文旅,600706
彩虹股份,600707
光明地产,600708
ST生态,600709
苏美达,600710
盛屯矿业,600711
南宁百货,600712
南京医药,600713
金瑞矿业,600714
文投控股,600715
凤凰股份,600716
天津港,600717
东软集团,600718
ST热电,600719
祁连山,600720
百花医药,600721
金牛化工,600722
首商股份,600723
宁波富达,600724
云维股份,600725
ST华源,600726
鲁北化工,600727
佳都科技,600728
重庆百货,600729
中国高科,600730
湖南海利,600731
爱旭股份,600732
北汽蓝谷,600733
ST实达,600734
新华锦,600735
苏州高新,600736
中粮糖业,600737
丽尚国潮,600738
辽宁成大,600739
山西焦化,600740
华域汽车,600741
一汽富维,600742
华远地产,600743
华银电力,600744
闻泰科技,600745
江苏索普,600746
退市大控,600747
上实发展,600748
西藏旅游,600749
江中药业,600750
海航科技,600751
ST哈慈,600752
庚星股份,600753
锦江酒店,600754
厦门国贸,600755
浪潮软件,600756
长江传媒,600757
辽宁能源,600758
ST洲际,600759
中航沈飞,600760
安徽合力,600761
SST金荔,600762
通策医疗,600763
中国海防,600764
中航重机,600765
园城黄金,600766
ST运盛,600767
宁波富邦,600768
祥龙电业,600769
综艺股份,600770
广誉远,600771
SST龙昌,600772
西藏城投,600773
汉商集团,600774
南京熊猫,600775
东方通信,600776
新潮能源,600777
友好集团,600778
水井坊,600779
通宝能源,600780
ST辅仁,600781
新钢股份,600782
鲁信创投,600783
鲁银投资,600784
新华百货,600785
东方锅炉,600786
中储股份,600787
ST达曼,600788
鲁抗医药,600789
轻纺城,600790
京能置业,600791
云煤能源,600792
宜宾纸业,600793
保税科技,600794
国电电力,600795
钱江生化,600796
浙大网新,600797
宁波海运,600798
ST龙科,600799
渤海化学,600800
华新水泥,600801
福建水泥,600802
新奥股份,600803
ST鹏博士,600804
悦达投资,600805
退市昆机,600806
济南高新,600807
马钢股份,600808
山西汾酒,600809
神马股份,600810
东方集团,600811
华北制药,600812
ST鞍一工,600813
杭州解百,600814
厦工股份,600815
ST安信,600816
宇通重工,600817
中路股份,600818
耀皮玻璃,600819
隧道股份,600820
金开新能,600821
上海物贸,600822
世茂股份,600823
益民集团,600824
新华传媒,600825
兰生股份,600826
百联股份,600827
茂业商业,600828
人民同泰,600829
香溢融通,600830
广电网络,600831
东方明珠,600832
第一医药,600833
申通地铁,600834
上海机电,600835
上海易连,600836
海通证券,600837
上海九百,600838
四川长虹,600839
新湖创业,600840
动力新科,600841
中西药业,600842
上工申贝,600843
丹化科技,600844
宝信软件,600845
同济科技,600846
万里股份,600847
上海临港,600848
上药转换,600849
电科数字,600850
海欣股份,600851
ST中川,600852
龙建股份,600853
春兰股份,600854
航天长峰,600855
退市中天,600856
宁波中百,600857
银座股份,600858
王府井,600859
京城股份,600860
北京城乡,600861
中航高科,600862
内蒙华电,600863
哈投股份,600864
百大集团,600865
星湖科技,600866
通化东宝,600867
梅雁吉祥,600868
远东股份,600869
退市厦华,600870
石化油服,600871
中炬高新,600872
梅花生物,600873
创业环保,600874
东方电气,600875
凯盛新能,600876
电科芯片,600877
ST北科,600878
航天电子,600879
博瑞传播,600880
亚泰集团,600881
妙可蓝多,600882
博闻科技,600883
杉杉股份,600884
宏发股份,600885
国投电力,600886
伊利股份,600887
新疆众和,600888
南京化纤,600889
退市中房,600890
退市秋林,600891
大晟文化,600892
航发动力,600893
广日股份,600894
张江高科,600895
退市海医,600896
厦门空港,600897
国美通讯,600898
ST信联,600899
长江电力,600900
江苏金租,600901
贵州燃气,600903
三峡能源,600905
财达证券,600906
无锡银行,600908
华安证券,600909
中国黄金,600916
重庆燃气,600917
中泰证券,600918
江苏银行,600919
苏能股份,600925
杭州银行,600926
永安期货,600927
西安银行,600928
雪天盐业,600929
爱柯迪,600933
华塑股份,600935
广西广电,600936
中国海油,600938
重庆建工,600939
中国移动,600941
维远股份,600955
新天绿能,600956
东方证券,600958
江苏有线,600959
渤海汽车,600960
株冶集团,600961
国投中鲁,600962
岳阳林纸,600963
福成股份,600965
博汇纸业,600966
内蒙一机,600967
海油发展,600968
郴电国际,600969
中材国际,600970
恒源煤电,600971
宝胜股份,600973
新五丰,600975
健民集团,600976
中国电影,600977
ST宜生,600978
广安爱众,600979
北矿科技,600980
汇鸿集团,600981
宁波能源,600982
惠而浦,600983
建设机械,600984
淮北矿业,600985
浙文互联,600986
航民股份,600987
赤峰黄金,600988
宝丰能源,600989
四创电子,600990
广汽长丰,600991
贵绳股份,600992
马应龙,600993
南网储能,600995
贵广网络,600996
开滦股份,600997
九州通,600998
招商证券,600999
唐山港,601000
晋控煤业,601001
晋亿实业,601002
柳钢股份,601003
重庆钢铁,601005
大秦铁路,601006
金陵饭店,601007
连云港,601008
南京银行,601009
文峰股份,601010
宝泰隆,601011
隆基绿能,601012
陕西黑猫,601015
节能风电,601016
宁波港,601018
山东出版,601019
华钰矿业,601020
春秋航空,601021
宁波远洋,601022
玉龙股份,601028
一拖股份,601038
赛轮轮胎,601058
信达证券,601059
中信金属,601061
江盐集团,601065
中信建投,601066
中铝国际,601068
西部黄金,601069
渝农商行,601077
国芳集团,601086
中国神华,601088
福元医药,601089
中南传媒,601098
太平洋,601099
恒立液压,601100
昊华能源,601101
中国一重,601106
四川成渝,601107
财通证券,601108
中国国航,601111
华鼎股份,601113
三江购物,601116
中国化学,601117
海南橡胶,601118
宝地矿业,601121
四方股份,601126
赛力斯,601127
常熟银行,601128
柏诚股份,601133
首创证券,601136
博威合金,601137
工业富联,601138
深圳燃气,601139
新城控股,601155
东航物流,601156
重庆水务,601158
天风证券,601162
三角轮胎,601163
兴业银行,601166
西部矿业,601168
北京银行,601169
杭齿前进,601177
中国西电,601179
中国铁建,601186
厦门银行,601187
龙江交通,601188
东兴证券,601198
江南水务,601199
上海环境,601200
东材科技,601208
国泰君安,601211
白银有色,601212
君正集团,601216
吉鑫科技,601218
林洋能源,601222
陕西煤业,601225
华电重工,601226
广州港,601228
上海银行,601229
环旭电子,601231
桐昆股份,601233
红塔证券,601236
广汽集团,601238
庞大集团,601258
ST二重,601268
英利汽车,601279
农业银行,601288
青岛港,601298
中国北车,601299
骆驼股份,601311
中国平安,601318
中国人保,601319
秦港股份,601326
交通银行,601328
绿色动力,601330
广深铁路,601333
新华保险,601336
百隆东方,601339
三六零,601360
利群股份,601366
绿城水务,601368
陕鼓动力,601369
中原证券,601375
兴业证券,601377
怡球资源,601388
中国中铁,601390
工商银行,601398
国机重装,601399
国联证券,601456
通用股份,601500
中新集团,601512
东风股份,601515
吉林高速,601518
大智慧,601519
瑞丰银行,601528
东吴证券,601555
退市锐电,601558
九牧王,601566
三星医疗,601567
北元集团,601568
长沙银行,601577
会稽山,601579
北辰实业,601588
上海电影,601595
中国外运,601598
浙文影业,601599
中国铝业,601600
中国太保,601601
长城军工,601606
上海医药,601607
中信重工,601608
金田股份,601609
中国核建,601611
明阳智能,601615
广电电气,601616
中国中冶,601618
嘉泽新能,601619
中国人寿,601628
长城汽车,601633
旗滨集团,601636
邮储银行,601658
齐鲁银行,601665
平煤股份,601666
中国建筑,601668
中国电建,601669
明泰铝业,601677
滨化股份,601678
友发集团,601686
华泰证券,601688
拓普集团,601689
中银证券,601696
中国卫通,601698
潞安环能,601699
风范股份,601700
华峰铝业,601702
郑煤机,601717
际华集团,601718
上海电气,601727
中国电信,601728
中国中车,601766
力帆科技,601777
晶科科技,601778
光大证券,601788
宁波建工,601789
蓝科高新,601798
星宇股份,601799
中国交建,601800
皖新传媒,601801
中海油服,601808
新华文轩,601811
京沪高铁,601816
光大银行,601818
沪农商行,601825
三峰环境,601827
美凯龙,601828
成都银行,601838
中国石油,601857
中国科传,601858
紫金银行,601860
福莱特,601865
中远海发,601866
中国能建,601868
长飞光纤,601869
招商轮船,601872
正泰电器,601877
浙商证券,601878
辽港股份,601880
中国银河,601881
海天精工,601882
江河集团,601886
中国中免,601888
亚星锚链,601890
中煤能源,601898
紫金矿业,601899
南方传媒,601900
方正证券,601901
京运通,601908
浙商银行,601916
新集能源,601918
中远海控,601919
浙版传媒,601921
凤凰传媒,601928
吉视传媒,601929
永辉超市,601933
建设银行,601939
中国出版,601949
苏垦农发,601952
东贝集团,601956
金钼股份,601958
重庆银行,601963
中国汽研,601965
玲珑轮胎,601966
宝钢包装,601968
海南矿业,601969
招商南油,601975
中国核电,601985
中国银行,601988
中国重工,601989
南京证券,601990
大唐发电,601991
金隅集团,601992
中金公司,601995
丰林集团,601996
贵阳银行,601997
中信银行,601998
出版传媒,601999
人民网,603000
奥康国际,603001
宏昌电子,603002
龙宇股份,603003
晶方科技,603005
联明股份,603006
ST花王,603007
喜临门,603008
北特科技,603009
万盛股份,603010
合锻智能,603011
创力集团,603012
亚普股份,603013
弘讯科技,603015
新宏泰,603016
中衡设计,603017
华设集团,603018
中科曙光,603019
爱普股份,603020
山东华鹏,603021
新通联,603022
威帝股份,603023
大豪科技,603025
胜华新材,603026
千禾味业,603027
赛福天,603028
天鹅股份,603029
全筑股份,603030
安孚科技,603031
德新科技,603032
三维股份,603033
常熟汽饰,603035
如通股份,603036
凯众股份,603037
华立股份,603038
ST泛微,603039
新坐标,603040
美思德,603041
华脉科技,603042
广州酒家,603043
福达合金,603045
浙江黎明,603048
科林电气,603050
鹿山新材,603051
可川科技,603052
成都燃气,603053
台华新材,603055
德邦股份,603056
紫燕食品,603057
永吉股份,603058
倍加洁,603059
国检集团,603060
金海通,603061
禾望电气,603063
宿迁联盛,603065
音飞储存,603066
振华股份,603067
博通集成,603068
海汽集团,603069
万控智造,603070
物产环能,603071
彩蝶实业,603073
乐惠国际,603076
和邦生物,603077
江化微,603078
圣达生物,603079
新疆火炬,603080
大丰实业,603081
剑桥科技,603083
天成自控,603085
先达股份,603086
甘李药业,603087
宁波精达,603088
正裕工业,603089
宏盛股份,603090
南华期货,603093
越剑智能,603095
新经典,603096
江苏华辰,603097
森特股份,603098
长白山,603099
川仪股份,603100
汇嘉时代,603101
百合股份,603102
横店影视,603103
芯能科技,603105
恒银科技,603106
润达医疗,603108
神驰机电,603109
东方材料,603110
康尼机电,603111
华翔股份,603112
金能科技,603113
海星股份,603115
红蜻蜓,603116
ST万林,603117
共进股份,603118
华培动力,603121
合富中国,603122
翠微股份,603123
常青科技,603125
中材节能,603126
昭衍新药,603127
华贸物流,603128
春风动力,603129
云中马,603130
上海沪工,603131
金徽股份,603132
碳元科技,603133
中重科技,603135
天目湖,603136
海量数据,603138
康惠制药,603139
万朗磁塑,603150
邦基科技,603151
上海建科,603153
新亚强,603155
养元饮品,603156
退市拉夏,603157
腾龙股份,603158
上海亚虹,603159
汇顶科技,603160
科华控股,603161
海通发展,603162
圣晖集成,603163
荣晟环保,603165
福达股份,603166
渤海轮渡,603167
莎普爱思,603168
兰石重装,603169
宝立食品,603170
税友股份,603171
福斯达,603173
汇通集团,603176
德创环保,603177
圣龙股份,603178
新泉股份,603179
金牌厨柜,603180
皇马科技,603181
嘉华股份,603182
建研院,603183
上机数控,603185
华正新材,603186
海容冷链,603187
亚邦股份,603188
网达软件,603189
亚通精工,603190
望变电气,603191
汇得科技,603192
公牛集团,603195
日播时尚,603196
保隆科技,603197
迎驾贡酒,603198
九华旅游,603199
上海洗霸,603200
常润股份,603201
快克智能,603203
嘉环科技,603206
江山欧派,603208
兴通股份,603209
晋拓股份,603211
赛伍技术,603212
镇洋发展,603213
爱婴室,603214
比依股份,603215
梦天家居,603216
元利科技,603217
日月股份,603218
富佳股份,603219
中贝通信,603220
爱丽家居,603221
济民医疗,603222
恒通股份,603223
新凤鸣,603225
菲林格尔,603226
雪峰科技,603227
景旺电子,603228
奥翔药业,603229
内蒙新华,603230
格尔软件,603232
大参林,603233
天新药业,603235
移远通信,603236
五芳斋,603237
诺邦股份,603238
浙江仙通,603239
鼎际得,603255
宏和科技,603256
电魂网络,603258
药明康德,603259
合盛硅业,603260
立航科技,603261
天龙股份,603266
鸿远电子,603267
松发股份,603268
海鸥股份,603269
联翔股份,603272
银都股份,603277
大业股份,603278
景津装备,603279
南方路机,603280
江瀚新材,603281
亚光股份,603282
赛腾股份,603283
日盈电子,603286
海天味业,603288
泰瑞机器,603289
斯达半导,603290
联合水务,603291
永新光学,603297
杭叉集团,603298
苏盐井神,603299
华铁应急,603300
振德医疗,603301
得邦照明,603303
旭升集团,603305
华懋科技,603306
扬州金泉,603307
应流股份,603308
维力医疗,603309
金海高科,603311
梦百合,603313
福鞍股份,603315
诚邦股份,603316
天味食品,603317
水发燃气,603318
湘油泵,603319
迪贝电气,603320
梅轮电梯,603321
超讯通信,603322
苏农银行,603323
盛剑环境,603324
我乐家居,603326
福蓉科技,603327
依顿电子,603328
上海雅仕,603329
天洋新材,603330
百达精工,603331
苏州龙杰,603332
尚纬股份,603333
迪生力,603335
宏辉果蔬,603336
杰克股份,603337
浙江鼎力,603338
四方科技,603339
安井食品,603345
文灿股份,603348
威尔药业,603351
和顺石油,603353
莱克电气,603355
华菱精工,603356
设计总院,603357
华达科技,603358
东珠生态,603359
百傲化学,603360
傲农生物,603363
水星家纺,603365
日出东方,603366
辰欣药业,603367
柳药集团,603368
今世缘,603369
东方时尚,603377
亚士创能,603378
三美股份,603379
易德龙,603380
顶点软件,603383
惠达卫浴,603385
骏亚科技,603386
基蛋生物,603387
元成股份,603388
亚振家居,603389
通达电气,603390
万泰生物,603392
新天然气,603393
金辰股份,603396
沐邦高科,603398
吉翔股份,603399
建霖家居,603408
信捷电气,603416
鼎信通讯,603421
集友股份,603429
贵州三力,603439
吉比特,603444
九洲药业,603456
勘设股份,603458
风语筑,603466
巨星农牧,603477
科沃斯,603486
展鹏科技,603488
八方股份,603489
恒为科技,603496
翔港科技,603499
祥和实业,603500
韦尔股份,603501
金石资源,603505
南都物业,603506
振江股份,603507
思维列控,603508
爱慕股份,603511
欧普照明,603515
淳中科技,603516
绝味食品,603517
锦泓集团,603518
立霸股份,603519
司太立,603520
众源新材,603527
多伦科技,603528
爱玛科技,603529
神马电力,603530
掌阅科技,603533
嘉诚国际,603535
惠发食品,603536
美诺华,603538
奥普家居,603551
贵人鸟,603555
海兴电力,603556
ST起步,603557
健盛集团,603558
中通国脉,603559
中谷物流,603565
普莱柯,603566
珍宝岛,603567
伟明环保,603568
长久物流,603569
汇金通,603577
三星新材,603578
荣泰健康,603579
艾艾精工,603580
捷昌驱动,603583
苏利股份,603585
金麒麟,603586
地素时尚,603587
高能环境,603588
口子窖,603589
康辰药业,603590
东尼电子,603595
伯特利,603596
引力传媒,603598
广信股份,603599
永艺股份,603600
再升科技,603601
纵横通信,603602
ST博天,603603
珀莱雅,603605
东方电缆,603606
京华激光,603607
天创时尚,603608
禾丰股份,603609
麒盛科技,603610
诺力股份,603611
索通发展,603612
国联股份,603613
茶花股份,603615
韩建河山,603616
君禾股份,603617
杭电股份,603618
中曼石油,603619
科森科技,603626
清源股份,603628
利通电子,603629
拉芳家化,603630
徕木股份,603633
南威软件,603636
镇海股份,603637
艾迪精密,603638
海利尔,603639
畅联股份,603648
彤程新材,603650
朗博科技,603655
泰禾智能,603656
春光科技,603657
安图生物,603658
璞泰来,603659
苏州科达,603660
恒林股份,603661
柯力传感,603662
三祥新材,603663
康隆达,603665
亿嘉和,603666
五洲新春,603667
天马科技,603668
灵康药业,603669
卫信康,603676
奇精机械,603677
火炬电子,603678
华体科技,603679
今创集团,603680
永冠新材,603681
锦和商管,603682
晶华新材,603683
晨丰科技,603685
福龙马,603686
大胜达,603687
石英股份,603688
皖天然气,603689
至纯科技,603690
江苏新能,603693
安记食品,603696
有友食品,603697
航天工程,603698
纽威股份,603699
宁水集团,603700
德宏股份,603701
盛洋科技,603703
东方环宇,603706
健友股份,603707
家家悦,603708
中源家居,603709
香飘飘,603711
七一二,603712
密尔克卫,603713
塞力医疗,603716
天域生态,603717
海利生物,603718
良品铺子,603719
中广天择,603721
阿科力,603722
天安新材,603725
朗迪集团,603726
博迈科,603727
鸣志电器,603728
龙韵股份,603729
岱美股份,603730
仙鹤股份,603733
三棵树,603737
泰晶科技,603738
蔚蓝生物,603739
日辰股份,603755
大元泵业,603757
秦安股份,603758
海天股份,603759
隆鑫通用,603766
中马传动,603767
常青股份,603768
沃格光电,603773
永安行,603776
来伊份,603777
乾景园林,603778
威龙股份,603779
科博达,603786
新日股份,603787
宁波高发,603788
星光农机,603789
雅运股份,603790
联泰环保,603797
康普顿,603798
华友钴业,603799
道森股份,603800
志邦家居,603801
瑞斯康达,603803
福斯特,603806
歌力思,603808
豪能股份,603809
丰山集团,603810
诚意药业,603811
原尚股份,603813
交建股份,603815
顾家家居,603816
海峡环保,603817
曲美家居,603818
神力股份,603819
嘉澳环保,603822
百合花,603823
华扬联众,603825
坤彩科技,603826
柯利达,603828
洛凯股份,603829
欧派家居,603833
海程邦达,603836
四通股份,603838
安正时尚,603839
正平股份,603843
好太太,603848
华荣股份,603855
东宏股份,603856
步长制药,603858
能科科技,603859
中公高科,603860
白云电器,603861
松炀资源,603863
桃李面包,603866
新化股份,603867
飞科电器,603868
新智认知,603869
嘉友国际,603871
鼎胜新材,603876
太平鸟,603877
武进不锈,603878
永悦科技,603879
南卫股份,603880
数据港,603881
金域医学,603882
老百姓,603883
吉祥航空,603885
元祖股份,603886
城地香江,603887
新华网,603888
新澳股份,603889
春秋电子,603890
瑞芯微,603893
天永智能,603895
寿仙谷,603896
长城科技,603897
好莱客,603898
晨光股份,603899
莱绅通灵,603900
永创智能,603901
中持股份,603903
龙蟠科技,603906
牧高笛,603908
建发合诚,603909
佳力图,603912
国茂股份,603915
苏博特,603916
合力科技,603917
金桥信息,603918
金徽酒,603919
世运电路,603920
金鸿顺,603922
铁流股份,603926
中科软,603927
兴业股份,603928
亚翔集成,603929
格林达,603931
睿能科技,603933
博敏电子,603936
丽岛新材,603937
三孚股份,603938
益丰药房,603939
建业股份,603948
雪龙集团,603949
长源东谷,603950
大千生态,603955
威派格,603956
哈森股份,603958
百利科技,603959
克来机电,603960
大理药业,603963
法兰泰克,603966
中创物流,603967
醋化股份,603968
银龙股份,603969
中农立华,603970
正川股份,603976
国泰集团,603977
深圳新星,603978
金诚信,603979
吉华集团,603980
泉峰汽车,603982
丸美股份,603983
恒润股份,603985
兆易创新,603986
康德莱,603987
中电电机,603988
艾华集团,603989
麦迪科技,603990
至正股份,603991
松霖科技,603992
洛阳钼业,603993
甬金股份,603995
退市中新,603996
继峰股份,603997
方盛制药,603998
读者传媒,603999
威奥股份,605001
众望布艺,605003
合兴股份,605005
山东玻纤,605006
五洲特纸,605007
长鸿高科,605008
豪悦护理,605009
杭州热电,605011
百龙创园,605016
长华集团,605018
永和股份,605020
世茂能源,605028
美邦股份,605033
福然德,605050
迎丰股份,605055
咸亨国际,605056
澳弘电子,605058
联德股份,605060
天正电气,605066
明新旭腾,605068
正和生态,605069
华康股份,605077
浙江自然,605080
太和水,605081
龙高股份,605086
冠盛股份,605088
味知香,605089
九丰能源,605090
行动教育,605098
共创草坪,605099
华丰股份,605100
同庆楼,605108
新洁能,605111
奥锐特,605116
德业股份,605117
力鼎光电,605118
四方新材,605122
派克新材,605123
上海沿浦,605128
嵘泰股份,605133
丽人丽妆,605136
盛泰集团,605138
西上海,605151
西大门,605155
华达新材,605158
新中港,605162
聚合顺,605166
利柏特,605167
三人行,605168
洪通燃气,605169
东亚药业,605177
时空科技,605178
一鸣食品,605179
华生科技,605180
确成股份,605183
健麾信息,605186
国光连锁,605188
富春染织,605189
华通线缆,605196
安德利,605198
葫芦娃,605199
永茂泰,605208
伟时电子,605218
起帆电缆,605222
神通科技,605228
天普股份,605255
协和电子,605258
绿田机械,605259
健之佳,605266
王力安防,605268
新亚电子,605277
同力日升,605286
德才股份,605287
凯迪股份,605288
罗曼股份,605289
神农集团,605296
必得科技,605298
舒华体育,605299
佳禾食品,605300
园林股份,605303
中际联合,605305
法狮龙,605318
无锡振华,605319
沪光股份,605333
帅丰电器,605336
李子园,605337
巴比食品,605338
南侨食品,605339
立昂微,605358
立达信,605365
宏柏新材,605366
蓝天燃气,605368
拱东医疗,605369
博迁新材,605376
华旺科技,605377
野马电池,605378
均瑶健康,605388
长龄液压,605389
新炬网络,605398
晨光新材,605399
福莱新材,605488
东鹏饮料,605499
森林包装,605500
国邦医药,605507
德昌股份,605555
福莱蒽特,605566
春雪食品,605567
龙版传媒,605577
恒盛能源,605580
冠石科技,605588
圣泉集团,605589
上海港湾,605598
菜百股份,605599
